File Name,File ID,Type
wd-accent-3x3-squares.svg,1Gko2MdAlm_GNpJ_0zPvP_j2HYxNOW2QK,icon
wd-accent-accessibility.svg,1yDuK_KAZn0kTRsRUkauWUwev9OXAL2Ju,icon
wd-accent-accessible.svg,1WQBMcqyT2IJ9km9AxVSKxt1fJsl3vAqu,icon
wd-accent-add-profile.svg,1zt8PS1_z-sBytYngLrKy5SbwEPx8YK_G,icon
wd-accent-add.svg,1n80MplRdk_dg29bUOWKV6zEdGf4bkP69,icon
wd-accent-adoption-kit.svg,1dpcHsf-jsCmpQMNoe0lwSn34x67qxoFp,icon
wd-accent-agent.svg,1bXMsmgW6yU55WcfSsZHfpBWSc7A1XuXl,icon
wd-accent-ai.svg,16sowi_vAKp1SWYv535VDDPGjEaJ9ss3c,icon
wd-accent-alarm.svg,1nfSQO5h-x0KiSQIGhzmosQ3G1U-sAH7f,icon
wd-accent-anchor.svg,1nj9zMRB7mxZuqOhqJIHWrVoSJSfYzaa3,icon
wd-accent-api.svg,1k00CyZPlW_569ESiHqcbmg3kXlKozQ8H,icon
wd-accent-apple.svg,11CqD2kiTj-VfYeyR0kzJ2mn8dc1eixia,icon
wd-accent-arm-sling.svg,14aifSsHsmtz8mTiMnQ-xGX3mhIstUMtJ,icon
wd-accent-arrow-diagonal.svg,1MsT7IO5eMgBfPovHWM3TSLmFkD04wkDT,icon
wd-accent-arrow-down-circle.svg,14G4KF8M66qTxa6Dr1Btu17TiG22zOWeo,icon
wd-accent-arrow-left-circle.svg,1Y8tSeKeVxZEnMNDjq11WpFuSGFbLfcDI,icon
wd-accent-arrow-out.svg,1CVs3_E4-vLPzIZiGcvq7J05wXOWmfDa4,icon
wd-accent-arrow-right-circle.svg,1DYGyFAwEf0GOLKFQbK5YrpQYpZID9Sw0,icon
wd-accent-arrow-stack.svg,1MynzzlVU-toaaP0fkEn4AvLfTon2VGNb,icon
wd-accent-arrow-up-circle.svg,1eEYt5z01GPeFZT48d2_Grbsu2lARh8u7,icon
wd-accent-arrows-up.svg,1cwVMHMNvCBkVVpDoZJHKSWh4VjvEXpky,icon
wd-accent-art.svg,1qKcQI2Zf39uqkXXP0gwh9o1uaKtDRtOb,icon
wd-accent-at-sign.svg,1l1aS33m54iYycWKylcX_FETNAfP74Gqw,icon
wd-accent-atom.svg,1RD9wisOsogOIKeqmetdLddmf-y9Ny2Wl,icon
wd-accent-audio-description.svg,1KwjekI5nEQLHW1m_AyRaFuBNSQPJof--,icon
wd-accent-avocado.svg,1Ev9wPY1sYTYftEfTRdxGenx5wSccOU_y,icon
wd-accent-award-star.svg,1WZuv0VkeZ--Iv2PQUQ1wIq8XKd4d2tbC,icon
wd-accent-baby-bottle.svg,11fq03OMEIYeBtbENkBtwRMGsTlEb4oZO,icon
wd-accent-baby.svg,1Mb641Tr0HCdlcUeXt47IwytLHipDPUHh,icon
wd-accent-backpack.svg,1psi9egvTV9slWagDsy9b2DVEsqGsw9is,icon
wd-accent-balloons.svg,1WZQ0-Qk3UPsntXfe0Ja_BcUqlPLKzWaH,icon
wd-accent-banana.svg,1U4xeN3RlKrQaTPc6HE06peN2ICNxAwnN,icon
wd-accent-bandages.svg,1S5v4JFBPmC_4Ba2J_bXjelttnPHNaNwG,icon
wd-accent-bank.svg,14_Y4SpOdakbAtwL_aa-K7wE0pQRFpMM7,icon
wd-accent-banking-and-capital-markets.svg,1Yg4wq8j8tNTwusw4Qd1UPnc52sUB-BG1,icon
wd-accent-barcode.svg,1uD_jFF7DsGKmuSg9t_YSaHgX2w5CCjq0,icon
wd-accent-baseball-and-bats.svg,1g3z3Zy_Xlt-0t6UUW_vkgM1n6JRsVOGs,icon
wd-accent-baseball.svg,1iDrvb5lbNnJJRM6IMzj9PoSRYHOtTEDc,icon
wd-accent-basketball.svg,1vxI7PJU7cwG2BRMHmLNU-XSyzDu_oW5K,icon
wd-accent-battery-charging.svg,1F6TrGXWeekrtvB8S0O7ogtXaNjHpFe5M,icon
wd-accent-battery.svg,1B7qCFUld_OJ7G1jbEwwbjoXSlSaeHheu,icon
wd-accent-beach-ball.svg,1VppbSINsN2T1EXYcVlhmVZ4O-UjgV6QT,icon
wd-accent-bed.svg,1GD089h2NI1cDX11NE1h1V4l19VDVVbYR,icon
wd-accent-beer-stein.svg,1LvmrL0MeI7LdjtTP90o9jJ9TC9HIEeVG,icon
wd-accent-bell-notification.svg,1Fs6ras3E7ngYUbCm99BK8jC11NB2Q8Ul,icon
wd-accent-benefits-shield.svg,1lyLMcKyv_L71ULWwMYN98wtVU7aLyb4d,icon
wd-accent-binoculars.svg,1baRtYwlp3kF_w5s9xPXnTYbFpTukX1dc,icon
wd-accent-bird.svg,1db922B1F90PNcNS7BpgkItnJR4_pYDPQ,icon
wd-accent-bitcoin.svg,1susBiMbCwgzUcUeo3hH9JGnn_LZSv5Lx,icon
wd-accent-blockchain.svg,1wjSEk8yze4CjZ79PhAUpBZCQGUVkjyLm,icon
wd-accent-bookmark-add.svg,1GmfRaivyIgD5u9ZnDYoY8kJ9vUi3wDyt,icon
wd-accent-bowling-ball-and-pin.svg,1tx6w7vRRO-6kRYuGqN7WfjNiFmyq4vcy,icon
wd-accent-bowling-ball.svg,1VAKNnknmzvXPel_BZAtVaQtmjGp5YG3L,icon
wd-accent-box-barcode.svg,1Q7eefElIDGlZeOr94awJ4j3ejyGt4cXB,icon
wd-accent-box-check.svg,1_figdbsBWQtD9CiQtehIT6zAUK-8_R3O,icon
wd-accent-box-conveyor.svg,1SlRTfFOmbFCgD_2U0UZyAC8cjvePew_F,icon
wd-accent-box-eye.svg,1MCPdLWpaz5wA5Rxw4cTyLkksi7ZJHbez,icon
wd-accent-box-hands.svg,12WijanRJUxcGAvwSf2rLuJcLhvGbX0Xr,icon
wd-accent-box-open.svg,1Scwvkfdz00kiPdc_PD55vyAgXKwvVRTk,icon
wd-accent-box-packing-slip.svg,12SEmYaV3zZzg9P85Sn45tORDUfGjJkRE,icon
wd-accent-box-search.svg,13Vy9SXOilFaIJUXWQAcIeBYylqiNrK5z,icon
wd-accent-box-secure.svg,1CZd6Rcy3PmSFjnU7owYVLSFCKPpbYtys,icon
wd-accent-box.svg,1MHRx2EedjfuQJcrWQmUZwgNRvF-cXYEJ,icon
wd-accent-braille.svg,18aOQwB12IEuObNi7YtIisftTWkQ3lA8M,icon
wd-accent-bridge.svg,1YWU9YkvvHJWy58RU_hySclZkmwQ1wjrA,icon
wd-accent-briefcase-2.svg,1ZpM0nQ2dPZVCKgQxJSO69T8k9WTv9NXK,icon
wd-accent-briefcase.svg,1IgoMEwiiy_lefWzJbO5Mfz8TMQLkhHXc,icon
wd-accent-broken-circles.svg,1xXEKdiGsOuFJy97qq4D7nIONdfzEZeMB,icon
wd-accent-broken-glass.svg,1tpwn-JD9470GTMqKEolNI3kePI9LGB87,icon
wd-accent-browser-cursor.svg,1ULw04Hb8wltS6gxrxPR5yhN27_HltXzn,icon
wd-accent-browsers-stacked.svg,1NK3niipNke0C0bnnrV_wfvjSvldlsBkt,icon
wd-accent-bucket.svg,18_HmCe6-XQ2-odRC0WFJ3LWZhgBnaNUM,icon
wd-accent-building-money.svg,1kgxB8bVhwfaMebDw0S-o16aF0OLizdDP,icon
wd-accent-building-plaza.svg,1L5v9tH5tByGYeuv-T9AbFMr8tnxcDW9d,icon
wd-accent-building.svg,1NlOJMviLHqQ7tL6mzp-Lbgbnke4Kf43d,icon
wd-accent-bus.svg,1vTXxG6xhthTZ-L9EL4HAkjPu8DJcxFAM,icon
wd-accent-butterfly.svg,1cqfsw9ClHqji7U_0NvWYUreIKdeGPc17,icon
wd-accent-cache.svg,19fxJHBkso0n8IYQ-7m_FFs8kg4r8Jc4_,icon
wd-accent-cake.svg,1UAu5df8QQzCyLum8lX2VG3ltXWlrdLxq,icon
wd-accent-calculator-chart.svg,1ryECDhF9l8wOv_2Cfbl1KOlrkvz6hAkv,icon
wd-accent-calculator.svg,1vFwpIL4kaA4ezrdxtNQHwzb3ezc0-6Y8,icon
wd-accent-calendar-academic.svg,1kXLeR-Ve0Sife5uQ20uxIWfBnNrYvF2i,icon
wd-accent-calendar-chart.svg,1Oz6mwLqD36OhHCQsJCDW7o8fJ8aU3CSG,icon
wd-accent-calendar-coin-stack.svg,1uuH1f3BsufnyH7WWN_WtHDH2IW3lpRM_,icon
wd-accent-calendar.svg,1xXEyM-ZSWEF_R7exqigv1-NH5OdUPIHA,icon
wd-accent-call-24-hour.svg,1evKa4Qy_R-KTSPQcx1Tv-vDakmwQHR7L,icon
wd-accent-call-bell.svg,1pF-JiIUQsto6nRjc7z_ROaPR0yjJg2De,icon
wd-accent-camera.svg,1xTSa_S52-F2wuOQLQAxRYJ3qkWH0OqP5,icon
wd-accent-car-key.svg,1q1-rBV2SNH8H9do6_sV3tvzDbgaAnJiM,icon
wd-accent-car.svg,1-aBE8wgfyODkWPNt0uvyaUHxWTWuTO8S,icon
wd-accent-cat.svg,1KH2io6d4WMZEaU97uCvk3yH89dFOSzDo,icon
wd-accent-caution-sign.svg,1OIYuBMPDPBUMA0tpyWa6GJlGQv1hw3t9,icon
wd-accent-caution.svg,1V_6U2NxhLRbGu8tzWB_Gqm6woeB7u17t,icon
wd-accent-chair.svg,1k8PJZFH5scVlks9qifC9ZDWuZzLnMM4N,icon
wd-accent-champagne.svg,1L9qNuieD4SMT08xpy4zBUZGXhVU8VlkA,icon
wd-accent-chart-card.svg,150Z2qYxIaT23mPEiV1ILa_Sp2sWC5aay,icon
wd-accent-chart-magnifying-glass.svg,1vQK0D_EZPF-Ado8uFEegNDO7BXRnbCbx,icon
wd-accent-chart-scatter-2.svg,1tZk943d0k_7lv3dsvYz4_zBEJTRn0nQK,icon
wd-accent-chart-scatter.svg,1M4pm6xQg_BaQN9k0vGnrSJJC4FFspzaO,icon
wd-accent-chart-star.svg,16LIvH8xP5yarhxBchmfReHunIUIqlsaT,icon
wd-accent-chart-waterfall.svg,1orfV605JqOzhtTJXFfEJMxxrIYXWsnKg,icon
wd-accent-charts.svg,1Jop53gi2m_SkyiUG5INQYROhAhodexpC,icon
wd-accent-checkbox.svg,1B9nN5heCOzbUF187Z04m8PV56eCF8xX_,icon
wd-accent-checklist-paper-search.svg,1fJr44iodTSyIbH4aCjiuVLnIQx51SEw6,icon
wd-accent-checkmark-shield.svg,1xWemRgzrEALTOfTH0FQeil9N1__axd4E,icon
wd-accent-checkmark.svg,1iZwLPN8FvLkgz1Joh1mObHDZ421jYIE1,icon
wd-accent-checkmarked-page.svg,1F65Aeu8PETIYjGB2z48Hv2HdXjj0sG2G,icon
wd-accent-chess.svg,1ted6wefkVAWhyBi_qrfvDG93wWExiWWB,icon
wd-accent-chevron-left.svg,1fbTmyYPvadzGpPW1RBLrl-TdLyXmll2J,icon
wd-accent-chevron-right.svg,18ib4N7BswC1RRedpphvrS1QLG5DvWvui,icon
wd-accent-circle-i.svg,1Zu7H7OLbMaLqs-X9K2D8C7WyKHHOff8K,icon
wd-accent-circle-with-squiggle.svg,11rCAghO7_t56hhMAxKflTHN6lXSUyKHp,icon
wd-accent-circles-ascending.svg,10oRvF8aPnCYunkQBtgwKWArZJ-UKUhK1,icon
wd-accent-circles-diamond-formation.svg,1XbE82IXWR4k1ytCzG-D-a6ZAm86GiF8m,icon
wd-accent-circuit-board.svg,1NPb_7mq0zkHNpn9ehzpzD2d2ZNuL7S1a,icon
wd-accent-clean-energy.svg,1Yee0CpoahkvQgP_EQd3mylkZS51jq-Yo,icon
wd-accent-clipboard-chart.svg,1NW_acQAveqeVIgjRX9aeltD9UfkcMYWt,icon
wd-accent-clock.svg,1teZL91ONfDKLdf26y6_LinYQkRMyjglO,icon
wd-accent-clockwise.svg,1LpAXy_CU8vyIfymlLe2KmjSBjLvNTp7z,icon
wd-accent-closed-book-arrow.svg,1PA8tRW__YjYCZF6R4O4pDi4_tkeCUYRs,icon
wd-accent-closed-book.svg,1J6NQDJRCFHMo1lKpODo3C1vZBDyqLGDD,icon
wd-accent-closed-caption.svg,1ATTb3pbNm9mcG0LWf4YtQ-IoC2TK2jA6,icon
wd-accent-cloud-download.svg,1t4rT44LrTAcJI_CgqrgN8P7sN8jDNy75,icon
wd-accent-cloud-heart.svg,1lIjF6zts0rsuDZ9ybFseOLKq8B8vxDgB,icon
wd-accent-cloud-secure.svg,17xR5wc8N2EhaeIXIkqH6DtWZgQ0zhGqR,icon
wd-accent-cloud-star (1).svg,1DVfay_NwonZvxHgPmr1A0orkTnGb7Ij1,icon
wd-accent-cloud-star.svg,16mEtkqrvnOyLpHk5PYVMBqVIy0lVIgrD,icon
wd-accent-cloud-update.svg,1V7Gf1jiuirpmIXZodMFH54OvucEzUA1y,icon
wd-accent-cloud-upload.svg,1Iy72HkcKlkigEzPlQD0Sik5MNQ4O0HnN,icon
wd-accent-cloud.svg,184KLIYWQM_UBHtdQ5d8kfckXDKwp-7SU,icon
wd-accent-cocktails.svg,1pspp0vkE-iF3iZtWJSE52mfiBja_-KZI,icon
wd-accent-code-browser.svg,1xn4hnhTO2Indp0I-KkjB1hwfmPAEb0w0,icon
wd-accent-code.svg,164YJCvKr4EycOLTbn3ohTsOirp_XaMk5,icon
wd-accent-coffee-to-go.svg,1nypRgnjoVWUiShI2x3f3-O64T9K49rLg,icon
wd-accent-coin-exchange.svg,1lI35UBZJd80t8kv0Sv7xJJcTzLedomsd,icon
wd-accent-coin-graph.svg,1FE5Cwo17rI7tlotJHrofMdtvMzkNpRX1,icon
wd-accent-coin-refresh.svg,16Ql5S1tS5REEWJIso1X9Ll7Sg8SzMwzd,icon
wd-accent-coin-shield.svg,14717qBx1nlPTOgkDXn_Bj64k3sWpCFx2,icon
wd-accent-coin-spreadsheet.svg,1oz_RIoTCGkoJ5DoaBYa6wYZAfcGGiQ32,icon
wd-accent-coin-stack.svg,1b7MCPDRcOj6XxzBbzj_wE4_sDrWN3ehb,icon
wd-accent-column-chart-right-arrow-down.svg,1yYxEE8wr-zPq4JRbInjkxkEeuMGNSsRD,icon
wd-accent-column-chart-right-arrow.svg,1JFpobSkFlxBPPEJvFJ5nye7Foa3BYb1O,icon
wd-accent-column-chart-scatter.svg,1b6Nzt-cA9sCBvGg-l-0t8RFWAegMKqWt,icon
wd-accent-column-chart.svg,1Xh6MgyIJKSSbwUxmX3mfxP79Lfv5ibvi,icon
wd-accent-communications.svg,1vL74xcMXYnYIdRJ-U9EouFhhqPo8i26D,icon
wd-accent-community.svg,1iwSfjQIKrSHV5FxDMmOAG4CCL7wHjxHg,icon
wd-accent-connected-pentagon.svg,13DXwW5RsU8lP2pIq8yT0kcxsRhl8JsZF,icon
wd-accent-consolidation.svg,1yQdqTVXm7QDI9nNyswU7E5S1E3aoC82m,icon
wd-accent-consumer-goods.svg,12TwUgBqytq2fmWv6fc76sxdm0AvmfbJ0,icon
wd-accent-conversation-bubbles.svg,1gyVkrnBBqh3dHbvv69BhFMMnCfHsTqFf,icon
wd-accent-counter-clockwise.svg,1-TMeayFRHEbPIIaOYfOxrcBUsAdnH612,icon
wd-accent-credit-card-lock.svg,1tS3pjenROXEyBo_LQOePHuoG2-8403xe,icon
wd-accent-credit-card.svg,14TvfYmF9PHfjyZ5Q25juDkWuqhy--7cP,icon
wd-accent-credits.svg,1mCOyCJJ9kMtZtt_e0MCIByRgQrIWzoKN,icon
wd-accent-crossout-circle.svg,1YnuLt5Gv7z6yyJui3eyAWhhsiXEFNMML,icon
wd-accent-crown.svg,1otejvY8BsKhwWmVg8Hs56b-rdPKsCyPv,icon
wd-accent-cube-outflow-arrows.svg,17AhREQJTtOMVdXBchUt5awSfFZ29OpyN,icon
wd-accent-cube-small-cubes.svg,1snJqoCEajazaDNfD6DBdqz0A-m9d7GQY,icon
wd-accent-cube-with-nodes.svg,1lP2_rBcXvwZF1uf49knawhLKjgsG_Ye2,icon
wd-accent-cup.svg,1Yg4PbpkRT1cTeAF6LwVifCoBzHLpc4fO,icon
wd-accent-cupcake.svg,180aSJzoeLzUru21se6i0ZlYFTiLOthg_,icon
wd-accent-currency-exchange.svg,1p9fSx4JUyzv_fKwE-IY-ohl0IlYexbe3,icon
wd-accent-currency.svg,1ym2X7DYV1cpLV4e4xM2Ea2nNR1Kqe1Xr,icon
wd-accent-current-location.svg,1YgULDixf24lqDiwii5rD3ogjFMUHIZe7,icon
wd-accent-cursor.svg,1i5lmqmQdXyx4Tp13_q7cWz8RIK-Q76p5,icon
wd-accent-customer-service.svg,1GHLE1SQ9zIynRokYFcJ-zaCzao6w2NxC,icon
wd-accent-customer-success.svg,1nEEFvhND5of-Oqsi9GOsmLBSHUZ5f5CH,icon
wd-accent-cylinder-primary.svg,1fEkyHFP9oO9jbECJZSqqXf-Yap48YBTr,icon
wd-accent-cylinder-secondary.svg,1aatv3sQw-VGSKixAB72RGfi6h9vSDZhN,icon
wd-accent-cylinder-stack-refresh.svg,1f1dlV2rh67DCQIt7nwKf6dqC8BY4fa1s,icon
wd-accent-cylinder-stack-rotate.svg,1-vLp2BiqGT2089dSo1VKlzu_R701XjQ8,icon
wd-accent-cylinder-stack.svg,11FTeT1G8pZwX1NoxIGGoBioaubSTkeTh,icon
wd-accent-daas.svg,1Pr_0iZ37WuCSZ3trru6_ANLmhjkLdKQh,icon
wd-accent-dashboards.svg,18McVsXYcHrlNdWDaHTiI4r89HAK_1p8A,icon
wd-accent-deaf.svg,1jL5LHkfNyrQlwVAoPWV3k9nN0wwfqHmr,icon
wd-accent-deployment-services.svg,16KGb35c6dODKGZ5jJ9pwDt0ylMxtC4IH,icon
wd-accent-desk (1).svg,1kJMTj74yR6GKpb2M6hXsens8iryVuS0k,icon
wd-accent-desk.svg,1XAvqaPYNoztXMuS_iqMqUYYJJ_JdV_9w,icon
wd-accent-desktop-coin.svg,1CKD_Jf6wMFKi5DTjiZiBq1yZkgfXYNnx,icon
wd-accent-desktop-gear.svg,1jOuGh5AjwVCtY2gq7UgWZsxLJ-rrNg5I,icon
wd-accent-desktop-sound-on.svg,1d-UNVMiPoDAdheFFzANcmFm8jGx1Mnkt,icon
wd-accent-desktop-system.svg,1CbX_OW8NxwLpCFKL2XRxr55wnuOeeGJl,icon
wd-accent-desktop.svg,1zpRqguZvRWvcFOipDCxckpiMw-lfR8yG,icon
wd-accent-devices-cloud.svg,1ZO264KxrUAmmQhtNMCBmaOSVY609mRG5,icon
wd-accent-diamond.svg,1jocmKPJ5kVGvfrsAnaXecCESw9nnHZD-,icon
wd-accent-direction-2.svg,1uSykb4TdKziulwZWg9GXPsELgue3JQn_,icon
wd-accent-direction.svg,19lruF6S-7TwZFJCVyHh1mXHowhwzg6GD,icon
wd-accent-director-slate.svg,1YxkW1CVwPDjHcQeWql2aVMmGynKp7CBz,icon
wd-accent-disco-ball.svg,1u-7QqfbqsTBpYRfLKf0P8oiXRw_KIEFT,icon
wd-accent-discount.svg,1qtnxzdzWMbQrX6bfHfKi8MoamTrgpUL5,icon
wd-accent-dna.svg,1Ugr9dY6ybYwng2bvSrh3upEp8yBwzcjz,icon
wd-accent-dog-beagle.svg,1tK0CfYJnr7h3DN2gru1qj7CJVCjyCEZT,icon
wd-accent-dollar-down.svg,1dXqfkaZ5SeAORqK_L2OXUSwcNY2oNwst,icon
wd-accent-dollar-up.svg,1WdDQ3NfHLDxqo_yTYXwV874C9W3qCe5J,icon
wd-accent-dollar.svg,1iLz5bcUgwp7zMdgNp9aDqDTJb9Lk3Sox,icon
wd-accent-donut-frosting.svg,1m9GzTvccTA5krp0ovttKqRrjot4_1B7M,icon
wd-accent-donut-sprinkles.svg,19hGZWRVYoStgmdWWUnJ7R3TMzUNfsBlp,icon
wd-accent-double-circle-up-arrow.svg,1yEZ_xqu9erBhpmBvgeVqGDZuLDWU5vEd,icon
wd-accent-double-diamond.svg,1RLC_qeF9ztYOfV2-Zq94kB04a8kj_erQ,icon
wd-accent-drone.svg,1vgZ7STg_d1A8DTMsSzG6mKi-r7ouOHl-,icon
wd-accent-easel-info.svg,1U_SjpbT9Vv0mGI57vrUWQbCGBS-sz4m5,icon
wd-accent-eco-light-bulb.svg,10SRZfm_5OzdxGLh3W_XbM9Qml-Ea5_H9,icon
wd-accent-education.svg,1scbPo-IggF6GLGPJWmOua1_i61ZhQhBH,icon
wd-accent-eight-ball.svg,1gnb5ARR-YepZPWeFtOqZJWWhGzlntudK,icon
wd-accent-electric-plug.svg,1OsCQWAB7s9bUwMtwZgck-PW6aLNqNE2M,icon
wd-accent-elevator.svg,16WKwImgTc6wyPYBtJFZnmXwqkRP2jFBC,icon
wd-accent-email-template.svg,1cuOUUYZ_ICzYjvpcwQL0OJpHdsaz23Ym,icon
wd-accent-email.svg,1HLrrpdPx_bv53E0KAwwiUKi3ZsLw2L9E,icon
wd-accent-emergency-medical.svg,1qafY9zjvjHfmD6VyNFleYBxiI5TLhMcY,icon
wd-accent-employees (1).svg,1ldjccKlPhaXT39ubn7S2tHMoJ4hLBL-z,icon
wd-accent-employees.svg,1bnIpCjrrQfBVMDaKp1CUsvOu9U1hqqza,icon
wd-accent-energy-and-resources.svg,1_AJnvyAfdv_soqv3U5vww-aKWPqbSTzW,icon
wd-accent-envelope.svg,1zGTNAOX66GjKqKJxwtv84y3kjD5haXrN,icon
wd-accent-equalizer.svg,1alC455xewjdg2CGAF9S0IhfJYCNA-0SL,icon
wd-accent-escalator.svg,1hGWkF_3ADQx-APe9nMrapP8LyujGweOn,icon
wd-accent-euro-down.svg,1MM7PMiMLunyAAYO7iB51LakibIne3i13,icon
wd-accent-euro-up.svg,10zcavCkBI83jrMuGLDxae8R0AOVKBBY4,icon
wd-accent-euro.svg,1imqVscKWGAuXhQbLXvbKQ0q8sIht12Rh,icon
wd-accent-exclamation.svg,1jItkWUlcGpgLlpdmALeKTDJ2C5lRiTuy,icon
wd-accent-eye-cross.svg,1vdL-n0dKz81NNz2PxK1lfooBddRleQ-e,icon
wd-accent-eye.svg,1kgtv7cVvm2oj4cbMKZfP-7iH3TjrTSve,icon
wd-accent-face-id.svg,1G5l9HcboHg1Vo56dKFWeRq97ZEcwc86v,icon
wd-accent-facebook-circle.svg,13uWICbZbQM2WwT85JxYaJw0bL18fK0od,icon
wd-accent-factory.svg,1XQAxWijbw0Jek37KLszw7Op967WLyM8o,icon
wd-accent-federal-government.svg,1_kPjs2SfiDinIYgS5rbUxMN9win9Cu3o,icon
wd-accent-fidget-spinner.svg,166H9JukmUTU-JcjRtT3Hjdj4yMZkiaZf,icon
wd-accent-file-cabinet.svg,1BpnAbhkU93zgjbCg8nsSiPZK7MRRlKLs,icon
wd-accent-file-folder.svg,199vfSkg7gEIN6PqRl9iE7U9BRFmiD6Oo,icon
wd-accent-filing-tray.svg,1X1ukj9abAysGmR0KtKRRuVdYqNzvUmxG,icon
wd-accent-filter.svg,10WxXeeZfQP_mmiybIh_HUexBQ2y52iKm,icon
wd-accent-financial-aid.svg,1XR_MI5MDk5CUmkP7WhgpI7sEFIHvjFSW,icon
wd-accent-financial-paper.svg,1msh8R-lAGDeFFUDOLxX2gbe9BOw-p9Io,icon
wd-accent-financial-services.svg,1IBK5P2b5kbvWk6TtGOKy4z3j1GbFECzA,icon
wd-accent-finger-reminder.svg,1VYKVH-1un_vsd7jNlIVlG9_c5Ej5gw2Q,icon
wd-accent-fingerprint.svg,1s8zi_JbrEz3fXHSST2ubu8DPZ7WFnO3B,icon
wd-accent-fire.svg,1vBTap5D52nywfitkDL4db3IoLADa30-f,icon
wd-accent-fireworks.svg,1OteAjd3vCaFO6oSVrojyvcCsKfDGnUVf,icon
wd-accent-first-aid.svg,1XD-qegdRmaXZoL23NsuZSAm3xSLEg4cz,icon
wd-accent-fish.svg,1-lYTWelg9qw7jobbrGmWhUyttHDlrtLV,icon
wd-accent-fishing-pole.svg,1aH5_-DsBxnWYPDBJms6oTJ6ZsBd39KhQ,icon
wd-accent-five-stack.svg,1wbF2UiDZZB_Oz7e99FU6xHjRQvwhK5G2,icon
wd-accent-flag.svg,19cn121OEW7Qx9pGgYXEFmDv-DEyOH75r,icon
wd-accent-floppy-disk.svg,1gBsfAmWQ5oRdFFowVxtyYl-IbwVM8Ii9,icon
wd-accent-flow-chart.svg,1-00LSnltMun4Y-3gBWTcWEE5_KWigk5l,icon
wd-accent-folder-configuration.svg,14Ynj6HCAuzVAme6pvkk7uVfYz2pWdJ3q,icon
wd-accent-folder-download.svg,1odKAngFmYCysoZLNY1dnH8Siq9AX4Tbs,icon
wd-accent-folder-secure.svg,1OvG_9atAUDYVTVRUr5COWpetGkE-DHpJ,icon
wd-accent-folder-star.svg,1Q4jsuTDpa58NmSVuSQmlV6T3D_M52jgT,icon
wd-accent-football.svg,1XqL0hgUdQIx53S1w3G7Dg_O27pRVayIZ,icon
wd-accent-forklift.svg,1N-WwiGZ0TqPGKwf6mxpMc4mHJ9KbMOsa,icon
wd-accent-four-boxes.svg,1Odk05ZAAzsAvYjbuTB5PfdVM9wDOPCSS,icon
wd-accent-fun (1).svg,1sH1BE0KQgrclG9yOvLwe6imU7D6J5_Wa,icon
wd-accent-fun.svg,10uJFBrO3Sxqy_wTpX_0pByTZoWeEjIic,icon
wd-accent-functions.svg,1wizP_Ppm3XNg_R7GR75zwy6a7XpJ078i,icon
wd-accent-g-suite-circle.svg,1IPadnS_kYwKXpMxVUMETDzsIja8sFqDd,icon
wd-accent-game-controller.svg,1gqWu0Izy0auQPpw5OmI8r_V3qg39Nd3L,icon
wd-accent-gantt-chart.svg,1KacgjohqJINix9_e4P-GBXWnCREpzoNQ,icon
wd-accent-gauge.svg,1x1KaQm0b6HjiZCO4g0X1OF5o1V6C5wrm,icon
wd-accent-gear-cloud.svg,142ADkiGkDoGiLsmSrBB4z-BAG6MgyIJS,icon
wd-accent-gear-loop.svg,1wZXHbF7puxmnw-VIzWMQudBYlaUduZHV,icon
wd-accent-gears.svg,1b7RCbirLiZBVblx-7CAY9Zajli8NOEnq,icon
wd-accent-gift.svg,1iRliCr9Z6sFCFqPuVdqlfTuc9o_V3wMZ,icon
wd-accent-glass-water.svg,1wrFwXOEbmLXM-zWk3euOxBhuPDxY2CR4,icon
wd-accent-glasses-clink.svg,1i5HWvfFVccEEvnNqppeZpnpz-Mcb0Zhd,icon
wd-accent-glasses.svg,15qToJjf4ZntSw0rchiRtB_sJHXKCDW_m,icon
wd-accent-globe-coin.svg,196O4sVSmj5vIT9KSkHTPm0McmImnDI24,icon
wd-accent-globe-earth-asia.svg,1ZlN1H8boXMHWb_u0_lq3h3X_CYOal96L,icon
wd-accent-globe-earth-europe.svg,16lVIyJRuV8NM5Uab9f3rxlBitB107mC0,icon
wd-accent-globe-earth.svg,15y0thJhVprm30LOUIQ-rESiM9ttCQswN,icon
wd-accent-globe-lock.svg,1qbJmUWzGfcpUCk2YCEd40xZwR_562cnH,icon
wd-accent-globe.svg,1k1ymxdTuuCKrQJ1FWjq2PXkB-BGSP-TF,icon
wd-accent-golf-bag.svg,1TIux4KYyO4q9yNSwaQapQ34QZAii1Rk4,icon
wd-accent-golf-cart.svg,1UQMZKj6nDTpIyBHlHYFTKX5T72WTcOla,icon
wd-accent-golf-cart.svg,1UQMZKj6nDTpIyBHlHYFTKX5T72WTcOla,icon
wd-accent-golf-clubs.svg,1501Tc9nklx5QXBBcZPcaCNSXjfYKiHam,icon
wd-accent-golf-pin-hole.svg,15OUqPd7EJVY88nD1bDXtJ9axA2yY4g43,icon
wd-accent-golfer.svg,1AmKO7fVcmaWmwOX8mxuj_k_wx1jbNTqY,icon
wd-accent-grade.svg,1KXQjcN2rlasu0iVUqTtrg8cGn4u3C8W2,icon
wd-accent-hand-apple.svg,11an286U38aNP2-DaWIEn86CX3NvExg75,icon
wd-accent-hand-coin.svg,1sR5umNurXQL-w2QFY8u0oAY-aU3omE25,icon
wd-accent-hand-gear.svg,1ht9kkQtS453ieiMEcTXdhH6865PBO7bL,icon
wd-accent-hand-gear.svg,1ht9kkQtS453ieiMEcTXdhH6865PBO7bL,icon
wd-accent-hand-heart.svg,1zYNMPUmZv_tjsMpyp0yRog8gbLvz35J5,icon
wd-accent-hand-heart.svg,1zYNMPUmZv_tjsMpyp0yRog8gbLvz35J5,icon
wd-accent-hand-leaf.svg,14gMexD4-A1sMo-o6_2lGdgfYEZnoK0GD,icon
wd-accent-hand-leaf.svg,14gMexD4-A1sMo-o6_2lGdgfYEZnoK0GD,icon
wd-accent-hand-money.svg,1szegMmEpUfApG92RRSbVdTBy4XH9_mrS,icon
wd-accent-hand-money.svg,1szegMmEpUfApG92RRSbVdTBy4XH9_mrS,icon
wd-accent-hand-time.svg,1z4HGLRwO1IkmYOoUvgXuJRmCtXPeZb4t,icon
wd-accent-hand-time.svg,1z4HGLRwO1IkmYOoUvgXuJRmCtXPeZb4t,icon
wd-accent-hand-truck-box.svg,1xQ6eCP5MukD8jE91jln6mkx-z-1EEyts,icon
wd-accent-hand-truck-box.svg,1xQ6eCP5MukD8jE91jln6mkx-z-1EEyts,icon
wd-accent-hand-wireframe.svg,1vL8Y5lTHepzsmn-WB7sgT7Nt2wT8ZhDu,icon
wd-accent-hand-wireframe.svg,1vL8Y5lTHepzsmn-WB7sgT7Nt2wT8ZhDu,icon
wd-accent-hand.svg,14fA8fPhNuKIncnvhdgqePeDPwUMlyUOA,icon
wd-accent-hand.svg,14fA8fPhNuKIncnvhdgqePeDPwUMlyUOA,icon
wd-accent-hands-heart.svg,1l3UiIXmyDnxr2ur4O0tR2AngJCn5j_tL,icon
wd-accent-hands-heart.svg,1l3UiIXmyDnxr2ur4O0tR2AngJCn5j_tL,icon
wd-accent-handshake-heart-coin.svg,1MFuUsxVS_pfi5XDtVvzFgE_YEgK9AcqF,icon
wd-accent-handshake-heart-coin.svg,1MFuUsxVS_pfi5XDtVvzFgE_YEgK9AcqF,icon
wd-accent-handshake-heart.svg,1u4iV_3vufIfnoEPx9l6Emq1fSaeTg9NK,icon
wd-accent-handshake-heart.svg,1u4iV_3vufIfnoEPx9l6Emq1fSaeTg9NK,icon
wd-accent-handshake.svg,1QEDVaeGPyuR4hRic_dOD6F-zuhaOps5M,icon
wd-accent-handshake.svg,1QEDVaeGPyuR4hRic_dOD6F-zuhaOps5M,icon
wd-accent-happy-face.svg,1fb7UrWmXjnPGhDw44fZSZ3I2ud2eXrtI,icon
wd-accent-happy-face.svg,1fb7UrWmXjnPGhDw44fZSZ3I2ud2eXrtI,icon
wd-accent-hard-hat.svg,1BJcRP8jgTtRVc90ebSrXYV2BTw7H5W7l,icon
wd-accent-hard-hat.svg,1BJcRP8jgTtRVc90ebSrXYV2BTw7H5W7l,icon
wd-accent-hat.svg,1mRBBi2Tim4q9BPKOrhF_3zKgyItQpCeS,icon
wd-accent-hat.svg,1mRBBi2Tim4q9BPKOrhF_3zKgyItQpCeS,icon
wd-accent-head-brain.svg,1BhaHPx3sNzxB7J_DmfnJVxf2MLwhgwQ4,icon
wd-accent-head-brain.svg,1BhaHPx3sNzxB7J_DmfnJVxf2MLwhgwQ4,icon
wd-accent-head-gears.svg,1D_uwwG1ZuFhA2AfgoJsegNP3q_7Hxern,icon
wd-accent-head-gears.svg,1D_uwwG1ZuFhA2AfgoJsegNP3q_7Hxern,icon
wd-accent-head-headset.svg,1aBCpz1S131RZkqbz1Y5vJJ7iA73vNRRC,icon
wd-accent-head-headset.svg,1aBCpz1S131RZkqbz1Y5vJJ7iA73vNRRC,icon
wd-accent-head-lightbulb.svg,11-Vr6Vk3ii1wTkYFmMIjvyzb1F76k-nb,icon
wd-accent-head-lightbulb.svg,11-Vr6Vk3ii1wTkYFmMIjvyzb1F76k-nb,icon
wd-accent-head-lightning.svg,1b9oFiEBbEUCFP90GGGA5FbUjSHMGoHSB,icon
wd-accent-head-lightning.svg,1b9oFiEBbEUCFP90GGGA5FbUjSHMGoHSB,icon
wd-accent-head-star.svg,1ZePhZ1rzGNeU9ZY5UKTY40MdYPtq6CiG,icon
wd-accent-head-star.svg,1ZePhZ1rzGNeU9ZY5UKTY40MdYPtq6CiG,icon
wd-accent-headset.svg,1yTphumk27J1waknryDEeFTqQ-Ge1c1m0,icon
wd-accent-headset.svg,1yTphumk27J1waknryDEeFTqQ-Ge1c1m0,icon
wd-accent-healthcare.svg,1QZcW_xPgrDftE7vx65AaXIbujen-iakx,icon
wd-accent-healthcare.svg,1QZcW_xPgrDftE7vx65AaXIbujen-iakx,icon
wd-accent-heart.svg,1pnftHCx544K_R7wRoxrA__HZHAIZQFrL,icon
wd-accent-heart.svg,1pnftHCx544K_R7wRoxrA__HZHAIZQFrL,icon
wd-accent-heartbeat.svg,13FaAyBMzotiGX-vm2miESONB1H7b7yW7,icon
wd-accent-heartbeat.svg,13FaAyBMzotiGX-vm2miESONB1H7b7yW7,icon
wd-accent-high-five.svg,1J2KF7vNQmslFh_FITGhRmdE-MJIx1ka9,icon
wd-accent-high-five.svg,1J2KF7vNQmslFh_FITGhRmdE-MJIx1ka9,icon
wd-accent-higher-education.svg,17rk8Vx4r_23NtB60ifl9wIbpamGMyq9y,icon
wd-accent-higher-education.svg,17rk8Vx4r_23NtB60ifl9wIbpamGMyq9y,icon
wd-accent-hospital.svg,1FZet6LUZIyi-_cnFUTWgmPGPxrdJ8FWJ,icon
wd-accent-hospital.svg,1FZet6LUZIyi-_cnFUTWgmPGPxrdJ8FWJ,icon
wd-accent-hospitality.svg,1KyKLWU7BlGlykIv29yFK_OntGvkbKcnO,icon
wd-accent-hospitality.svg,1KyKLWU7BlGlykIv29yFK_OntGvkbKcnO,icon
wd-accent-hourglass.svg,1JbEjRVRHecsdMhbcl_M128PftSa9UsGR,icon
wd-accent-hourglass.svg,1JbEjRVRHecsdMhbcl_M128PftSa9UsGR,icon
wd-accent-house.svg,1FbXV_3O01V3O6EfR8nqYiv-M8PV7P0_7,icon
wd-accent-house.svg,1FbXV_3O01V3O6EfR8nqYiv-M8PV7P0_7,icon
wd-accent-id-badge.svg,1vSsHhTFIubnD2a3uZo2gxP17DMJUQb08,icon
wd-accent-id-badge.svg,1vSsHhTFIubnD2a3uZo2gxP17DMJUQb08,icon
wd-accent-image-assets.svg,191XHYfqYFxR9X9I1l5TvcEM9yPasAu3S,icon
wd-accent-image-assets.svg,191XHYfqYFxR9X9I1l5TvcEM9yPasAu3S,icon
wd-accent-infinate-loop.svg,1I_ZTtQ2tWnqy9jO1xk91gJ__FrGM639t,icon
wd-accent-infinate-loop.svg,1I_ZTtQ2tWnqy9jO1xk91gJ__FrGM639t,icon
wd-accent-info-circle-with-nodes.svg,1mfOiowYM22PMrY5zjizhC827sEoIud3L,icon
wd-accent-info-circle-with-nodes.svg,1mfOiowYM22PMrY5zjizhC827sEoIud3L,icon
wd-accent-innovation.svg,1XKgWJ2o7WjNyUI7Wj8i6EBH8TEsc7p3_,icon
wd-accent-innovation.svg,1XKgWJ2o7WjNyUI7Wj8i6EBH8TEsc7p3_,icon
wd-accent-instagram-circle.svg,1nykDQBfhHQxjt3OVQ8KIrYSXjVuaHNcW,icon
wd-accent-instagram-circle.svg,1nykDQBfhHQxjt3OVQ8KIrYSXjVuaHNcW,icon
wd-accent-insurance.svg,152TXjMxhrMmziRXMEyBd0o2VXdUj9-9u,icon
wd-accent-insurance.svg,152TXjMxhrMmziRXMEyBd0o2VXdUj9-9u,icon
wd-accent-integrity.svg,1XvUdeB-0u2IV6STYvCFpH8kHFRn_-QRW,icon
wd-accent-integrity.svg,1XvUdeB-0u2IV6STYvCFpH8kHFRn_-QRW,icon
wd-accent-investment-management.svg,1UmsXhavi17jcSpBScdUksxQ6RjqxctgL,icon
wd-accent-investment-management.svg,1UmsXhavi17jcSpBScdUksxQ6RjqxctgL,icon
wd-accent-joining-circle-exchange.svg,1FyfNi8GZf67AszKC6SEaSzLujeqFteNy,icon
wd-accent-joining-circle-exchange.svg,1FyfNi8GZf67AszKC6SEaSzLujeqFteNy,icon
wd-accent-joining-circles.svg,1Y-LuqBFVGGyCxiiyDTtPOI-v5PSCrqkv,icon
wd-accent-joining-circles.svg,1Y-LuqBFVGGyCxiiyDTtPOI-v5PSCrqkv,icon
wd-accent-k-12.svg,1jviwEHp1LFanLc1_T3aUyD7s5xgw00uq,icon
wd-accent-k-12.svg,1jviwEHp1LFanLc1_T3aUyD7s5xgw00uq,icon
wd-accent-key.svg,18AFm6g0hM5Cc8UK35bHFOJe-V8vlTqLa,icon
wd-accent-key.svg,18AFm6g0hM5Cc8UK35bHFOJe-V8vlTqLa,icon
wd-accent-lamp.svg,1ZwEEU-z5DGiQpCkWh2o3mvvgaP8LC_Rq,icon
wd-accent-lamp.svg,1ZwEEU-z5DGiQpCkWh2o3mvvgaP8LC_Rq,icon
wd-accent-laptop-checkmark.svg,1m30x__utVW-vuys5PsVoHudTtWAxBBxX,icon
wd-accent-laptop-checkmark.svg,1m30x__utVW-vuys5PsVoHudTtWAxBBxX,icon
wd-accent-laptop-code.svg,12maCF0cI-uZmxenvK8u0yVbtS5oRGWXQ,icon
wd-accent-laptop-code.svg,12maCF0cI-uZmxenvK8u0yVbtS5oRGWXQ,icon
wd-accent-laptop-gear.svg,1l33FZXzGqRRwfnJToDieeXBEXHmpi3xO,icon
wd-accent-laptop-gear.svg,1l33FZXzGqRRwfnJToDieeXBEXHmpi3xO,icon
wd-accent-laptop-lightbulb.svg,1kR2OXUlVyffV9u1o1qAnKSfuyXIJsyop,icon
wd-accent-laptop-lightbulb.svg,1kR2OXUlVyffV9u1o1qAnKSfuyXIJsyop,icon
wd-accent-laptop-loop.svg,1Q-6v-zzVTb1QF9tyo7655w6TpVzqCvh8,icon
wd-accent-laptop-loop.svg,1Q-6v-zzVTb1QF9tyo7655w6TpVzqCvh8,icon
wd-accent-laptop-people.svg,113jbNd6Bzav5wxn_g6Jwe_NSMXHgRc2l,icon
wd-accent-laptop-people.svg,113jbNd6Bzav5wxn_g6Jwe_NSMXHgRc2l,icon
wd-accent-laptop-play.svg,1Mm_jtNJvQXUY754pcxe7E5Yih_caJ5oE,icon
wd-accent-laptop-play.svg,1Mm_jtNJvQXUY754pcxe7E5Yih_caJ5oE,icon
wd-accent-laptop-privacy.svg,1-YZc_Utv-2F9-6gY1T8hXLFY05dpX2lb,icon
wd-accent-laptop-privacy.svg,1-YZc_Utv-2F9-6gY1T8hXLFY05dpX2lb,icon
wd-accent-laptop-remote.svg,1b-bkkpjImlcFLx4FHv1jkYXRUvilIGT0,icon
wd-accent-laptop-remote.svg,1b-bkkpjImlcFLx4FHv1jkYXRUvilIGT0,icon
wd-accent-laptop.svg,1UVWAqBnDE2bcmbQUcY218xBBa6b9sdvm,icon
wd-accent-laptop.svg,1UVWAqBnDE2bcmbQUcY218xBBa6b9sdvm,icon
wd-accent-leaf.svg,1lcq6LttVEakSGWwy1qXHrzY-BQ2qWoJS,icon
wd-accent-leaf.svg,1lcq6LttVEakSGWwy1qXHrzY-BQ2qWoJS,icon
wd-accent-learn-in-person.svg,1rRlgTzvsuN-35QX16WP7anlTzRGIxxto,icon
wd-accent-learn-in-person.svg,1rRlgTzvsuN-35QX16WP7anlTzRGIxxto,icon
wd-accent-learn-independent.svg,1EpqFWLhEK7397rTSBNQQwMudFcZHts0E,icon
wd-accent-learn-independent.svg,1EpqFWLhEK7397rTSBNQQwMudFcZHts0E,icon
wd-accent-learn-on-demand.svg,12j6vTV4S8jQpP48BIqvmLbff9yEjEAcc,icon
wd-accent-learn-on-demand.svg,12j6vTV4S8jQpP48BIqvmLbff9yEjEAcc,icon
wd-accent-learn-remote.svg,1Guo2RJuY1szl05dRQ_R_ezQN52zhk2Te,icon
wd-accent-learn-remote.svg,1Guo2RJuY1szl05dRQ_R_ezQN52zhk2Te,icon
wd-accent-learn-virtual.svg,1irZSV7u1-qQGJky--UpjF9javtLaFuFx,icon
wd-accent-learn-virtual.svg,1irZSV7u1-qQGJky--UpjF9javtLaFuFx,icon
wd-accent-learning-nodes.svg,1h2kEKv22dyadVzJX35a-XzJoT12EBOsY,icon
wd-accent-learning-nodes.svg,1h2kEKv22dyadVzJX35a-XzJoT12EBOsY,icon
wd-accent-leaves.svg,16gMCxeSRI81K-EwUNE_kG_e7BuCg9QNh,icon
wd-accent-leaves.svg,16gMCxeSRI81K-EwUNE_kG_e7BuCg9QNh,icon
wd-accent-legal.svg,1CSlCjminA_kXQySD1tfUy94Fc_7gw-nV,icon
wd-accent-lemon.svg,1KQMIY4FuBUX93r1WH6iKQ-TMsYgQTGgV,icon
wd-accent-letters.svg,1n5ypuqQgvsHVUWzl-ubX8fB3HXZUs9-3,icon
wd-accent-life-saver.svg,14dSxVWFIlgpYxuyU8tuQvj8pDwWpb_3N,icon
wd-accent-life-sciences.svg,1NFtCZEL567tySMWKvLuf1HnyDbzlJK1M,icon
wd-accent-lightbulb-lightning.svg,1LK8XFC_oV-lUw-_P-IoffLgjpcm06ZO9,icon
wd-accent-lightbulb-rays.svg,1MJ8J5c9rWu8jH7y_ok0_SD-kSbk6FW47,icon
wd-accent-lightbulb-stack.svg,1xCnSvcah3PF2RgZ4Tr8-uEzk5M_7cjWR,icon
wd-accent-lightbulb.svg,1Ju48AAJGLxhF4GWqfhqU5-pdnk5ZguJ2,icon
wd-accent-lightning-bolt.svg,1zvGIY3Vn-1ycKH-0Rv3UiHLL9UCqrP7X,icon
wd-accent-link.svg,19R_pDWot_fs9duG2v2FXMrMhJ0rzI5II,icon
wd-accent-linked-documents.svg,1S5POOLKFfZEspzAngOMlVmkRnMDPoEQD,icon
wd-accent-linkedin-circle.svg,1vWEV9WQjvxi_q2mL7uP25shzbtTDQE_6,icon
wd-accent-lock-eye.svg,1k1ZQEovb6Px_aqpa2JaD7jOl488PjzQr,icon
wd-accent-lock-plus.svg,1fHyVlmivhpLW29kxZs2AkxKIVhRj6DFA,icon
wd-accent-lock.svg,1BzzJOEskkI0Vep-o-XAmDD-xGz4mWzwu,icon
wd-accent-loop.svg,1UCqPLd2ss_womHAiyhKD0kxEtx4fKydo,icon
wd-accent-magnet.svg,1uQUxSvhAczfWQFEc57zA8AultmAtTY9Q,icon
wd-accent-magnifying-glass-line-chart.svg,1_uft9o8ketXgAGHBStypFYKNZfIe6z1U,icon
wd-accent-magnifying-glass.svg,1dt2iKnjXd1pzseC5QkDCDjfFucsVJf6Q,icon
wd-accent-mailbox-envelope.svg,1Dg8M7acdUuEd_u8f-ePLXHKP1hbOth3-,icon
wd-accent-manufacturing.svg,1SvCxjObDB9gGw1V6EgDZCWP7Y24xsLUh,icon
wd-accent-math.svg,1rJxsdL8s_xMoToB38TmEoMweRREHE2xR,icon
wd-accent-media-and-entertainment (1).svg,1P0PiD7x9OeuhmXmI9KXJ-v786UTUa_py,icon
wd-accent-media-and-entertainment.svg,1TWq_cJa53zzXHaN-pWCcscuvy-zcQuhV,icon
wd-accent-media-file.svg,1ibAshFlRCR7s67zqr1b1R6k1qx70cidm,icon
wd-accent-medical.svg,1u-clEFof-RV48eY8vZbYoft6FrN7RBBN,icon
wd-accent-meditation.svg,12lRdnRiTxX8xzK6-MnmqH861pWDT0ja2,icon
wd-accent-megaphone.svg,10_n4s-7ygKjfSRi9RHv3XgC3PhDOYCOx,icon
wd-accent-microchip.svg,1LN6JXyebs5jc5lDOcfJFh4M1525a8I9m,icon
wd-accent-microphone-2.svg,1Y2YSMe2zx-bbmengFup7BCJVvNVIrilH,icon
wd-accent-microphone.svg,11PczNObjv89hZfu8NMZOBDlV7TuTg279,icon
wd-accent-microscope.svg,1FoSd3ShAFmGoi7W_n7w9xC2HlRGSe_xH,icon
wd-accent-mobile-phone.svg,1XbfaVL5p9DBY1i1b8Zo7Y_J1Ydq2pWw7,icon
wd-accent-money-and-coin.svg,1BHlfeuU-GWo-4s3I4zetxPrE5kD7IIbO,icon
wd-accent-money-bag.svg,1vdqMyE0GSNYutzMmWEV_Aoi1ajbzlMnH,icon
wd-accent-money-search.svg,1Ibj3ZCb4MD5CQSdwrpdllK2FBU5t6cAF,icon
wd-accent-mountains.svg,1wnnqM_tHj06rQbmc7SG1GkdmtepbNIvu,icon
wd-accent-mouse.svg,18XWNIyoAUORlfZCjL_lyC0QFWTVGjTtP,icon
wd-accent-music-note.svg,1scYuJafCdWNRyhxYGM3Hbpg-KxzRmxDj,icon
wd-accent-mysql.svg,1_4AuSLSuecI2-9I8kJqbSzUekqIHsOcw,icon
wd-accent-networking.svg,1dNSv1YmbwNpUD-ye6CRnC1DzUwu7kjiS,icon
wd-accent-new.svg,1I9lVKmCPCMoKLq-XO8NKGluV31it8oBS,icon
wd-accent-news.svg,1yYpiOIurSHY1b3MbwbaLWBtvV1G0yzuy,icon
wd-accent-no-coin.svg,1AUoE_nmeeDdNFUQe5sGSOuTPHeNUhPTC,icon
wd-accent-no-trash.svg,1vPJR4d1Q2BCccq2WFfBDxk5vTgLQgy_I,icon
wd-accent-nonprofit.svg,1iFxT-QG7DbyOIQ9K38CxKwbxVBExfpvu,icon
wd-accent-notepad-pen.svg,10s1G9fOoOsP2jCr7TLTqqEmuPwyoIQ5b,icon
wd-accent-ocean.svg,1FQZ5hBQO4CPH_T11XptORLeWBs5IADV-,icon
wd-accent-office-hours.svg,12pP9RxTa9svhSXjLD-kWY17vnaDqCVJ4,icon
wd-accent-oil-derrick.svg,1P0w0TVfCfd5keS4IYUqJbFKyo4eJgf_U,icon
wd-accent-open-book-blank.svg,1yUefdmiOIGBS6QTbLaahsKMGnNsPQ9XW,icon
wd-accent-open-position.svg,1rCj-AtJ305U5yb59lZYxF7uNlKTYDadH,icon
wd-accent-open.svg,1Y8zeSCkH_T4hndVndi8MhMCK2y81nDn_,icon
wd-accent-owl.svg,1BOJso_4UqW57PWcGAAQecsZafTE3Iep7,icon
wd-accent-packaged-solutions.svg,1pYIf_OAzpLQ_Qyy0zS8OkJOua4DVct_E,icon
wd-accent-palette.svg,1t29ZZHcPuo238IbXbibUa4kleA-uBsnj,icon
wd-accent-palm-tree.svg,1xECq5A1gOXfQuJYMEHGTPpbeLS70M14F,icon
wd-accent-paper-add.svg,1YcFRf-WIVAVGYw_AX7ExX8VJhTq7a8Qr,icon
wd-accent-paper-airplane.svg,12qBzyjyJDxYJ82CZldMBC3jIgmspIiKy,icon
wd-accent-paper-and-pen.svg,1zpnY-Tnz-rRN_kLKhhSVt4gr9GyqIRj3,icon
wd-accent-paper-arrow-down.svg,1MYV6sXVFQyWuAmLK45Y28lZbsw_-GBCh,icon
wd-accent-paper-arrow-up.svg,1XOqerte7s652f8CYN8jL_fBynF37Gn_Q,icon
wd-accent-paper-attachment.svg,1LNdQI7hScXcygpST3YBf_bzyp-3Ekk7F,icon
wd-accent-paper-checkmark.svg,1KmjF9NI8xOFwK08psZZAbr6E0Zwdvgtt,icon
wd-accent-paper-clock.svg,1Vv8U7eAdwiHQqV4Y7szIrQrAec8RgzG7,icon
wd-accent-paper-configuration.svg,1_Vq-sC2SKuSsvPCidDFmQhL9f9p7Eou_,icon
wd-accent-paper-dollar.svg,1KZlnDVb5e7d3XSLk1R2ljZP_kbA4PfDb,icon
wd-accent-paper-pdf-download.svg,1K3lE6_8hrj1otDZb6mJuszb173FiMKof,icon
wd-accent-paper-percentage.svg,1D0PMuvBpyIkhgn0tXZ4FvAOSv_-_Qalh,icon
wd-accent-paper-save.svg,1YgBAEmR5hp8RgMLsaNkNaDyHZ0X3jABe,icon
wd-accent-paper-share.svg,1lGKHmR4XBPu2-gG4mJEaCaIkWpj8h4T9,icon
wd-accent-paper-shredder.svg,1Fis2JdfY9dEVbly6awDfDZh7uxlApISw,icon
wd-accent-paper-star.svg,1h0aOQucQ8xRDLTa59BZqbreXly15VvVl,icon
wd-accent-paper.svg,1RI8G7QXEYJ5BNf2aOsmxwJKPNieo4bF_,icon
wd-accent-paperclip.svg,1T7vHIHGqWYhz9e0R0uAe3NdUaPWxr0UC,icon
wd-accent-papers-refresh.svg,1R92KVgh5_8lqmf1--943FpwtP3LbU14G,icon
wd-accent-papers.svg,1F2GwQEWI60TmmD72W2tsBC2gkZu7irOi,icon
wd-accent-passport.svg,1uKZAvzAqJ2dpgJmgO6xvaSq_7KFwwHSA,icon
wd-accent-path.svg,129Uh8HzJ8KocdPnOfUQfJq4coJFVmRjK,icon
wd-accent-pause.svg,1364K1lJKJAJnd5NhXtJWKtSErXymTprf,icon
wd-accent-paw.svg,1I4gTqieM3gA_6xx4YuFn3uvnS7DdYybk,icon
wd-accent-paycheck.svg,1EieypxhLJyONsNAcArZnHbcKX0wfr_y_,icon
wd-accent-pencil-brush.svg,1YJ-VknNHPLN9yXytC2K1mg7nkkEnTfZG,icon
wd-accent-people-elevator.svg,1XIlAo9YykIqa0ItHh8tzz3XbjAdo94gh,icon
wd-accent-people-group.svg,1SX6SUp77uMf7m1sMwVdPg_KGWuAy9kX0,icon
wd-accent-people-talking.svg,1jNlUuLwSiHspwqTLjby0rV-sP-dwhphX,icon
wd-accent-person-award.svg,1M9Ozq45JgWQVgdSfsIANON3Ikqn7-law,icon
wd-accent-person-briefcase.svg,1E4FCyUdmc9D0ral6K2V_ZWwrb-xIBTnt,icon
wd-accent-person-cancel.svg,1zkB_913ivArCYKJ-lnVwp7THQCDPbk0f,icon
wd-accent-person-checkmark.svg,1LZ267WKrxwdDrYhXpA20tnife9hUK2yJ,icon
wd-accent-person-cloud.svg,1xX9tZ9KBlUQBUv9AH-KoCHiUtg6IRQtU,icon
wd-accent-person-earth.svg,1lGmlp11J-pe6xOKvPVEFoW8zJnYfKZWX,icon
wd-accent-person-easel-chart.svg,1IGnPmpCMpAd7kdjgTkpzzEvxLgCWiO38,icon
wd-accent-person-exchange.svg,1Hi7vvVjtm3py-GgqIrdHfiV0Z_WCdhPx,icon
wd-accent-person-flag.svg,1TaY6-FDlA2avkOJkOGqLJ-9gr0gVR95X,icon
wd-accent-person-heart.svg,1okeI36JNs7fvthYU7xADynzSIapHS5MM,icon
wd-accent-person-loop.svg,1-EQabg5VQcwf1uhZ9aXxbiNgTg5Q8rOh,icon
wd-accent-person-minus.svg,1kbm_qPoRpYFX2bGXwjCRlqnM7eq72MMr,icon
wd-accent-person-operation.svg,1IaCG-8Ke6fQFMI2Kkn88loXSSIPAEpPd,icon
wd-accent-person-plus.svg,1_yw6r9mb3q9nfao0BbTZ2ekPPmF58Z5S,icon
wd-accent-person-rings.svg,1_roXhIwIPBkpc2jo1Jt8k25iMPBmnDL5,icon
wd-accent-person-search.svg,1NDdlTrrZv3WSGLrEc835NgilGP_saNMe,icon
wd-accent-person-shield.svg,1N3zkV9cqrSb9pxeu4V84uWNNg0SarSzC,icon
wd-accent-person-speech-bubble.svg,1Tty0Yq6-XhowL2rbGiOSx93LthDKD5WC,icon
wd-accent-person-stairs.svg,1ppaocuez3JrcLgTLFnofm26NblqYJJtc,icon
wd-accent-person-star.svg,1D6POuUXGcFlrGr1jpnF6Nk9SrywHgQQZ,icon
wd-accent-person-treadmill.svg,1PvHo-bKzNCHuje5hv6fOaa3MrR8jfzaw,icon
wd-accent-person-update.svg,1kq9mX41c22GzTvBNa06f6y5NYW33UqPr,icon
wd-accent-person-walk-cane.svg,1KILED5nE800A2MXS0QdQQLkeP19KXmtK,icon
wd-accent-person-walk.svg,1c4bn3WSWJA-AWWDzLWc9m7sRCOWMWCn0,icon
wd-accent-person.svg,1jlkrJkxAJFYSnMogkWcQp3IgR3zLgktK,icon
wd-accent-phone-wrench.svg,1pmqBdivEVI8xUuLLe6qxhEvxgxAa0rcU,icon
wd-accent-phone.svg,1VtpTSeT-VZDrfE_B6MUr2r_yOKBRo3mq,icon
wd-accent-piechart-star.svg,1bk_XYEKqoVsfWUhA7K9hWVSrfou1svyw,icon
wd-accent-piggy-bank-coin.svg,1uRkYa9WwYm3scwNjR3o8AlZRk-sS6UCf,icon
wd-accent-pillar.svg,1mql0oWjlOqQ9T0YEBw9Of3pJZOdWbu6R,icon
wd-accent-pills.svg,12x063NwPX1IWiFCooBtLFKvCZlNKnlRC,icon
wd-accent-ping-pong.svg,1n7_6hCmJQcbZ9S0VV2t8_x6i5BO0hr7R,icon
wd-accent-pizza.svg,1qrwtDLRl-fh6D_Rfscz7SbQf549eELvO,icon
wd-accent-plane.svg,1ByJsq6JHhtvRIN9qgE9VhvaK0WUc-OJ8,icon
wd-accent-plant-cactus.svg,1OdPdbPQFBB58VI-ToMl2yFI0ItjdlZyw,icon
wd-accent-plant-spiky.svg,16832p2kW2FLyGiWXIS_XNmzl86MElCdP,icon
wd-accent-plate-utensil.svg,1tPONS0TxGYIzpjiQ8sQvJiQ_EO4AjqtS,icon
wd-accent-play-circle.svg,14dTG9JPXuP8pbMk-Rvo9X_VEEWUs0Tzm,icon
wd-accent-playbook.svg,1slVAVYfGcj-z1IcFm7XNiH6J1EoUyYAn,icon
wd-accent-plus-cloud.svg,1PtzG7AvWQWqa2se2JbsowfeFpzyV0KlF,icon
wd-accent-popcorn.svg,1itzOgMwRIUHrGE1pcF6vBzKgX4z1ZEe5,icon
wd-accent-pound-down.svg,1cZIoLaFyH5rxDVggsIph9GAUWfyfzJBQ,icon
wd-accent-pound-up.svg,1bSROvOdzmFBSByv3jmcCLz50KpOJ6-eZ,icon
wd-accent-pound.svg,1mVhhV_bxcqZEHkcWkW63FoUYAICszk8r,icon
wd-accent-power-cloud.svg,10bdDbgHEWWWNxWs_f0UXgOj_jw858rUN,icon
wd-accent-power-plant-cooling-towers.svg,1wSf8fw1NzsV_AfFc0A5f5jB_cGP7gC_W,icon
wd-accent-presenter.svg,185M1_lQxv_R3gS3ZmX75BHuLzyCRqO6A,icon
wd-accent-pretzel.svg,1LdjIRRWNZJ8DxPoJFZK3sVrNQOUs5IY5,icon
wd-accent-prism-2.svg,1XvJcYWrnO0sh_zHs6a1Y6Vj9AI2qgmQn,icon
wd-accent-prism.svg,1O4xuEwoVRvE-GZVg3JuMxPmwRzgVViUg,icon
wd-accent-professional-and-business-services.svg,1Qa0ul1gcfPZMvyvrdywtjfLGq443UfEc,icon
wd-accent-profile-paper.svg,1Cjhx2IqoMQBvbtMyvEYQ-k4ktyvQLfGu,icon
wd-accent-profitability.svg,1lRuRVlcRMd7sonL3iVwbVHA9bMljVEsf,icon
wd-accent-prospective-student.svg,15sp8mXd-JJsxvX-bH82SPsx-axagT2aB,icon
wd-accent-prosthetic-arm.svg,1Sb4W4s7nrZnI3Js7OHaFpTQo2dfZE8kS,icon
wd-accent-public-sector.svg,1k_MR1X_jw-ikoobZHEUVs8XszvacLDrA,icon
wd-accent-pushpin.svg,13zFNuL2pJPBiLl_YBMy50yX3waZ9t1QE,icon
wd-accent-puzzle-2.svg,1Dpj6GROhEXQgfOId6yuh8V5dbv9Zi_tW,icon
wd-accent-puzzle.svg,1OZqNjRDkdRoMjUN_napw4I-oksTHkPdN,icon
wd-accent-question-mark.svg,17u0l1F7OtAxA5PWNddt_C-H0lYkBTNbF,icon
wd-accent-question-speech-bubble-2.svg,1Ci60BRevPrW1Z7L37tBL2nNzkBg_WLnn,icon
wd-accent-question-speech-bubble.svg,1l52OR0k9nHwmzkrEIxmB61lR_xnOrpsW,icon
wd-accent-quiz.svg,1Xqxvx6MfF_l8wccKPQsFPO5-iZrGwamd,icon
wd-accent-rabbit.svg,1N_Loy3jicZKXgx1uBr0_cDKO36kOSuks,icon
wd-accent-radio-tower.svg,1ZZF5Y973SFKD8IQ63iTYdAYjGC5nBm3c,icon
wd-accent-ram.svg,1vddCaY3riQG43XkNLQo5IFXH4F60gU5B,icon
wd-accent-reading.svg,1XRLapDFhKdOkXoeqpOPtFl2ln99-c5mc,icon
wd-accent-receipt.svg,1s3BxsWl2nE9Fzt-CoWvpnyV56AyW_ZfZ,icon
wd-accent-recycle.svg,1DqtofTYiWCb7kJgEQvExQpV03LdFmwNQ,icon
wd-accent-refresh-cloud.svg,1zrmn9Tkb5GTMSXXOw8jWVmvW-bncAI4A,icon
wd-accent-retail-and-hospitality.svg,1SaCMM0yanrjOQ5E3SFddTFTPEn59y37U,icon
wd-accent-retail.svg,1ubLPEsD7jR_1YnGeklNWHLzf30ojLpEr,icon
wd-accent-reusable-bottle.svg,1cyfDYgLt5VPMkwmFws9sM2lKQT-sQD7o,icon
wd-accent-robot.svg,1OtRHC9D20V7QEc5eNmeZmv-noyYYtihX,icon
wd-accent-rocket.svg,1Y4jhJKkOemcIDVdExC-u_iiEhozfhx--,icon
wd-accent-room-service.svg,16dqCcgRwAQy48DXSQaPNjTi8w4TUshKP,icon
wd-accent-router.svg,1bniu1QMkuKxT9HSSxQjCLfifamQU-axo,icon
wd-accent-ruler.svg,1fWK8Hl_sjmSZa-qnra8kA2PGhg_Dzka0,icon
wd-accent-run.svg,1ET-thoi2ktYIBnkq3j5guh0YtlHt-jfq,icon
wd-accent-satelite.svg,1y5mwc6VeKrXhOORGuHOItpnumenexygF,icon
wd-accent-scale.svg,1r0CwWnM-0tVziGLif3EnLV-Pp3Sw4cry,icon
wd-accent-school-bus.svg,1perwHj0BPKN9dxASxbXvByIKAjZQQTC3,icon
wd-accent-school.svg,1vJ-0aXC4vDlIVXAWpDGSQQD5Wg7puLPY,icon
wd-accent-scroll-coin.svg,1IflvNDh6PFZD83-g2A16xhxhrDT3aYHo,icon
wd-accent-scroll-seal.svg,18vUdvpAmrFCBxn3rGYNLs1aXxqssOLfg,icon
wd-accent-scroll.svg,13Mp23WrRL6psTD13DXiSwCnLVXM70eQ6,icon
wd-accent-self-driving-car.svg,1H0MC9RLYGTranswL-jFdrYdYn1JWEjhe,icon
wd-accent-servers.svg,1E39qGklfC-1l1i4hWzm6O7qiXHtbkrT2,icon
wd-accent-shades-filled.svg,1iGW-mDxS7UmW0dObTIwMP77lKuRl7VQT,icon
wd-accent-shapes-change.svg,1oT-2BhJnbkzmrU0oanwm6pzRdNI7KRIf,icon
wd-accent-shapes.svg,1dDtRpkTX-qiYIqv9eJegUU0VC6yFYK8x,icon
wd-accent-share.svg,15YJArw49pNwY5SaxRctXOLG8Sn0cyTaN,icon
wd-accent-shield.svg,1euG_qRnOmlc_jnQVdX2Hnfj5P4Ox4wrR,icon
wd-accent-ship.svg,1tm5XZ00hlEG5Mfn_PN1dgZOU_uDPYi1B,icon
wd-accent-shipping-container.svg,1fLUSHk9lemBxGfklfsfELvlcn2ynetG0,icon
wd-accent-shirt.svg,1H8X1a9xfZNuCchqpa8bgyhGNVh7dIie0,icon
wd-accent-shopping-cart.svg,1eWy9onv2cgYuCfmlyjF3acCr1JkDisT2,icon
wd-accent-shot.svg,1AZAMqcj-0uvX0f17IQ603e309NDaXvde,icon
wd-accent-sigma.svg,1Wq8LBW5PrJ9Lf8hBFMlsDNBoPp6wyRUu,icon
wd-accent-sign-language.svg,1mFDXQxon-Iq9EsnorprPHtB9FeO5-dZr,icon
wd-accent-skyscraper.svg,1gpTDW_vV6PeAJPWG6YWtmvBKamszuEbk,icon
wd-accent-slack.svg,1QyYWKU7Os5sD96jmnVpRVCySey8mHIIu,icon
wd-accent-snack-bar.svg,1TpBfU5PKEveF4Ui2JYa1d-or6WTe6mi6,icon
wd-accent-snowflake.svg,1dZSKfpeT6c-eMwnhETHkJLzqxDlkEI6U,icon
wd-accent-soccer-ball-2.svg,1Z-PSGtnGY5U97q4pztm7B_03ucK-PgoS,icon
wd-accent-soccer-ball.svg,1ZiYvv48rOrIHRSU9dypc3c0o0R6eStBl,icon
wd-accent-solar-panel.svg,1vLWTlkr1alZlu1yXu8MUFE2xfC31BeRm,icon
wd-accent-sound-off.svg,1BZ-pOf5HYifJzeoc0k_LqV9ta7Q5UlRz,icon
wd-accent-sound-on.svg,1WRRPzkmim7_98TFHwvoZ67OzCXPEOwmD,icon
wd-accent-sparkles.svg,19N4G_7zD5l-qKP3vicNb6N_vvFk5s3AP,icon
wd-accent-special-districts.svg,1a0c78G0SVyUI01Vmr68o2wf2gQgRZWOQ,icon
wd-accent-speech-bubble-cross.svg,1db66xKbBnX3W14x-7TnccZyqkxEC6DYF,icon
wd-accent-speech-bubble.svg,1KSDQTmuOJwX0j88bM3tcvJuYB4e9D1X3,icon
wd-accent-speech-bubbles.svg,1FZVcMeKHAbd0_LGpb_xH5kK_K3iqnEWr,icon
wd-accent-spreadsheet-highlight.svg,1JpN88lALj2c9gg--H_MJ75ow0H3lkgcu,icon
wd-accent-spreadsheet.svg,10Sb8Y_1Ct2AudCe3mXZFVZTz_GgPBSdE,icon
wd-accent-square-cylinder-primary.svg,13fHq3_Vy35TaA8PrqXGsissSOe7TX-cP,icon
wd-accent-square-cylinder-secondary.svg,1nymjoyki6q7pSPsWxJxh8_wki8vQgZcX,icon
wd-accent-stack.svg,1mo_Tey5kDKh9Gcl3O1bqUc1wiAampQd7,icon
wd-accent-stadium.svg,19HxE5AdjIPUc7czYxSykyamkWCpXLF5F,icon
wd-accent-stapler.svg,1sFea-FEvN43yDpxI-dQ4DNzYJc0kZJv5,icon
wd-accent-state-and-local-government.svg,1aUwAuNnVdtamaGhP-h8kO6kmzgKe63tP,icon
wd-accent-steering-wheel.svg,1w7FS0xMlR1sWkyU0ZDwlY08fsyqUQxT6,icon
wd-accent-stethoscope.svg,1pnO1PrF25AtNylLAmvwXzpDUh6-MKcwt,icon
wd-accent-stop.svg,1SLn98tRBP8Gc7fwPaWGIvvbElGDsYzTD,icon
wd-accent-stopwatch.svg,1KEWRRAtDfbt5WS51eIPbO_cuRfroncVP,icon
wd-accent-storefront.svg,14bqidNjUJXAK-ccLiMxPRD8tXHToB8O_,icon
wd-accent-stroller.svg,17ThstncuCQ5zL7XlhpsWRuY3yNpKli99,icon
wd-accent-student.svg,1sY6HO9KeXkFKxu5KRQUPd3roUDJlgLOa,icon
wd-accent-subway-station.svg,12NgerXMPhRaFnoJCI-FFIprOKD_isYwU,icon
wd-accent-suitcase.svg,1bSco8OHCIjc7JC5XO2KYvhBY64GBCAnj,icon
wd-accent-sun.svg,1i8nPALJJOGiP1ReUAThoXXshCcehYamc,icon
wd-accent-sunrise.svg,1E9T-do6QOUNGEj09QX-h3rlyQhKh9hc0,icon
wd-accent-supplies.svg,1tlYJOZTJGRMDTbjoIcciTXC5KXpVN3gB,icon
wd-accent-supply-chain-management.svg,1MhqTCa0Xg_K_J055bvbu-YEYtEfyt9dk,icon
wd-accent-support.svg,1b1nTwG4RmTmxj-oaEOXarwrn9IP1ofrp,icon
wd-accent-sustainability.svg,1-LYbRj56NiI5L9mMLBnoE1aN11FCq4K4,icon
wd-accent-tablet-lock-check.svg,1D_53EAVQa1V8RNwA1c_Cmy96mFz9h6NX,icon
wd-accent-tablet.svg,1lzU61C7UgQlq3sCZ0etG9lFZh5XQmWk2,icon
wd-accent-taco.svg,1vvEndN_E7NB6af8xLg52TTOlzjhIpQu7,icon
wd-accent-tag.svg,1TLiaYIF8TWIzLQl9OH2-oVNaGG3v7ByD,icon
wd-accent-tall-cube.svg,1SSd0kKzVsu2Lnq2KRlHyRgMuBN6nXPRk,icon
wd-accent-target.svg,11flFV60q-piikjBTTz6om2N7jU5pq6a7,icon
wd-accent-taxi.svg,180dkrja8g0X2aj7EZ8dH3Rbak8jylCO-,icon
wd-accent-teacher.svg,193Y9whGIThlGL50BNYudzp9POx56yTO5,icon
wd-accent-technology-and-media.svg,19-mhXYWERSCyhg6iq4l72WldUwpPaSr0,icon
wd-accent-technology-media-and-communication.svg,1pFZOUD9bk3QbB3bhLJGSqIPX3-sMxFEa,icon
wd-accent-technology.svg,1wbn6Qy_qXdnlHTG72gZqOtu-cqyg7LcD,icon
wd-accent-teddybear.svg,1JepKiNfd0Y4m-9-Yvx9kKGgJadOS7y_N,icon
wd-accent-template.svg,1YOc_dJxxhdGiB1NdlB1KuAprqSZj4_8O,icon
wd-accent-tennis-ball.svg,1BAH2j2Mtsbw8KnLmrh28kzu3YtAIyfhb,icon
wd-accent-tent.svg,1ZEsFNbt_6APe_-PDtWSAX5E9k-V5qzmA,icon
wd-accent-test-tubes.svg,1BrKlWlwUofoaaH-tbsvivpdMqw2oZssA,icon
wd-accent-the-next-level.svg,1PIWjj-_6XC73eXEbUld6vpcECdlUN-bh,icon
wd-accent-theater.svg,1HMXxJmxFLROQirHoBEn6QBoyBRpom9Vx,icon
wd-accent-thermometer.svg,1MSQYDKgQVrUWx5WzN_EJcjAocVDLD8Gk,icon
wd-accent-threads-circle.svg,1E5a-PvMh81F1LvXkADWEDk4fF1HG2UO1,icon
wd-accent-three-fingers.svg,1NEnHIP2OHqXEqYEf0xPuRaD5BM3zaXgP,icon
wd-accent-thumbs-down.svg,1jd6t0F-6SeDxdsJfK_XS2mBIPbwvoCzi,icon
wd-accent-thumbs-up.svg,1C5QDuoZmJk-s7wWJoKkrtXha1AxydA4Z,icon
wd-accent-ticket.svg,1KDfFXupMXr5jdOyXkfWI3w9pDxp0Abcf,icon
wd-accent-tickets.svg,1Qp41VYOmWNzNyVhwhmRYukG0TfC1YpZx,icon
wd-accent-tie.svg,1DgAWpjLLgaCEjYFwuGvUMAfKy0slj_nr,icon
wd-accent-time-charts.svg,14X0QVG5EwQm1A7UbJwj3rckvNb6_aN3a,icon
wd-accent-toilet-paper.svg,1IlLL5OBlqNkKqBxcTeAGxgaJ7EGD716V,icon
wd-accent-toll-booth.svg,1RYG4xFINIC3JSdF5IL434NmtJUJr98ln,icon
wd-accent-tools.svg,1DBYrFTZ7aY9io8tB3C7pQGN3FjnHU98g,icon
wd-accent-tooth.svg,1zipUP0dXafuSX4UJ-lNb3dnrlv6uK7Qg,icon
wd-accent-touch-id.svg,1n1ZopNuqvWaMbWtISDeLuUrhJU6Z0Pq1,icon
wd-accent-touchpoints.svg,1z3WEo0HZVokGXfaDQ9IsZh3hU7kz1n0j,icon
wd-accent-train.svg,1HGRsv9d2ekhp0yZbAb4R3cEFMGXAmfku,icon
wd-accent-transportation.svg,1cpGIcrk7OaRyX_EyHxBO_Oagjw7K1oum,icon
wd-accent-trash.svg,1Lz4E54v0tl6bwAp-tZaKxbNtzlnVy1la,icon
wd-accent-tree-round.svg,1k9zVjAtxjwpxMmjDAjxLhBY78H0i1KIz,icon
wd-accent-trophy.svg,1y0_Zdu7IDZLYz-71b-2FC_016Rslz5y2,icon
wd-accent-truck.svg,1YZYUQkJE4s8B-hdD0Ix0t31aK_Z9KuLb,icon
wd-accent-two-story-building.svg,1zefnenXApzlkrj_KUvJubWQLb6_l-GYk,icon
wd-accent-two-way-direction.svg,1Jl-4Y9OpT8YYDeIpa2ckqWm8wkxOKL6I,icon
wd-accent-umbrella.svg,1dZsQsUis7NsYjtoam6rwra1oeTSmnOYM,icon
wd-accent-unlock.svg,1y-dEOJ9QMmpOkAJWbSpxCU0ouQ7M7hGm,icon
wd-accent-update.svg,1HHlL4p3O4aCSHUkxoUjf8e0QH3VIiYMh,icon
wd-accent-utensils.svg,1UdGDuJ_lwFO0kJwjW863V_38NEM_q9t4,icon
wd-accent-video-camera.svg,1yWSP0vt-oLCGm3PqdDJrQfRU-I9ttTL-,icon
wd-accent-video-chat.svg,1aR1LvQzd33dJHqJxHqLZS6k3vZfxd2Gq,icon
wd-accent-vimeo-circle.svg,1wboJEHeopR7RxlEdyWjv4JR3-ENzaAbx,icon
wd-accent-volleyball.svg,1p2UPtW5lBadCaZSmDgSmAJbHgNpFjOIq,icon
wd-accent-VR.svg,1cJ0VU4CsJ-dznuE4tDwbIxB7l8bO4z16,icon
wd-accent-wallet.svg,1n5MlzoTTDlZJPtplOYsCIE9ysnpQaHxp,icon
wd-accent-wand.svg,16aYkFtWO-f1U7-2QOvy1uSJVYhqeiqbs,icon
wd-accent-water-drop.svg,1bOsxx93OdQoCk9BNDT57dB2yxOOp_l5B,icon
wd-accent-webcam.svg,10dfJCGw6QGvQDVxacfoXe4mecEuhmGZR,icon
wd-accent-weights.svg,1I64ETujCTWQnoeHk61YGUlJZv2u2V_c2,icon
wd-accent-welding.svg,1xX20vxqXEFKRGPgvaB2LdJwOB59UKNk7,icon
wd-accent-wi-fi.svg,1kEfpN8LqKwW6yyZoAhU3myai4iVYmXWd,icon
wd-accent-windmill.svg,1pnjoFD59oxq7fIJkT5P6W6YucTK3LxkA,icon
wd-accent-window-target.svg,1p4TuBpp5NWSqSQXW0okVbyg5BSW1ef9R,icon
wd-accent-wireframe.svg,12QNZpBIcucWzZCa9SzIhj2MYZL6YJXJs,icon
wd-accent-workboard-circle.svg,11oNY3hR-a8IC6mYcq3j7bHM5aVU-ti9_,icon
wd-accent-workday-accounting-center.svg,1_btkh3-qmhcFtOAIAFPBGmgemn0XUb82,icon
wd-accent-workday-adaptive-planning.svg,1vcFXtEuIqIAJag3NheFFe5s25pqfquAf,icon
wd-accent-workday-analytics-and-reporting.svg,1iPA-f3XFdKUq00YbzcPwndnrT6nugrpK,icon
wd-accent-workday-benefits.svg,1zHzWCNQt7YrLtYTHjCN_aeYtII7W7Ne2,icon
wd-accent-workday-cloud-connect-for-learning.svg,1SGaGANUQO8Xcx4laKFcB0cHOdRppNP_e,icon
wd-accent-workday-dub.svg,1bX_eeHHNF9qJRq4Fo6jsbB0WMtNvyYtB,icon
wd-accent-workday-expenses.svg,1CKWnUKe2fo46T3KlLWqy0T1UVda2XsVr,icon
wd-accent-workday-extend.svg,1-FkFQF_iSgiphbsEu7Fqa400Z0yY9rr2,icon
wd-accent-workday-financial-management.svg,1XSqjn9qLjQfxOTmZist9QdneMMFRh6Xp,icon
wd-accent-workday-government-cloud.svg,1xZrqSvysHVVVCFwu1pGCE7vIuJuWWoeH,icon
wd-accent-workday-help.svg,1Cfd9fUszTs20-t9mkfkjlLNelrNmHQWe,icon
wd-accent-workday-human-capital-management.svg,1HN6QnbweLoUXA-ubvyiltFLdTiDx1nOT,icon
wd-accent-workday-inventory.svg,1wyNSMkP5sLXDr9gqNCsJgQjMW12uxRex,icon
wd-accent-workday-journeys.svg,1G6Io9MIp5dVyOhRqv3rVwrIw84BnjA9l,icon
wd-accent-workday-learning-for-extended-enterprise.svg,1fM4tbTbVVVqchSvYVpSunVjjNulkF04C,icon
wd-accent-workday-learning.svg,1pNYCsyyX9PC9955b02HsxcOJ5M9Iql3C,icon
wd-accent-workday-messaging.svg,1Bctlcw3xnPhlVJAcO6zqDhXamkg9ES6g,icon
wd-accent-workday-mug.svg,1b0IKIEwdguZy7_nqod9krJ4hyjMwauJ3,icon
wd-accent-workday-payroll-and-workforce-management.svg,1cBoYQ2UIQxkmqzeWWzsj8adC8lpPXMAm,icon
wd-accent-workday-peakon-employee-voice.svg,1l1DwaN3IjllJ_IzJOlgRsemOMlmFZ2Yu,icon
wd-accent-workday-people-analytics.svg,1xBBichyBYIleZ5hp-qB4ARNgrlFGtF2v,icon
wd-accent-workday-platform-and-product-extensions.svg,13JiwPOVhkbw6w9NwL6a62z65iJM0x_8N,icon
wd-accent-workday-prism-analytics.svg,1kVp6aVH2uXFphee_a9Ej4jfoNibwh6fp,icon
wd-accent-workday-procurement.svg,1qZtZEEGfrMAw_D3Qr2CjE7wggiWAuuu_,icon
wd-accent-workday-professional-services-automation.svg,1pItKoLBr2GzMqR9niwi8sawA7gN6LhZu,icon
wd-accent-workday-recruiting.svg,1-VJxoJzCCF0SJRRNOI_N92KlipK0ZHvc,icon
wd-accent-workday-revenue-management.svg,1xmlMO3JioGPH_P5Aym1jk_MynIyY6fxe,icon
wd-accent-workday-spend-management.svg,1VdSRQLsKXjWELlX5MGyowrTs1ty-nZ4f,icon
wd-accent-workday-strategic-sourcing.svg,1smC9rQb9A6pXJqzgxGC9BJ3-O2ZozS3P,icon
wd-accent-workday-student.svg,1JRnzp3CL5enn432ulSu8DUfHVU4MMWzR,icon
wd-accent-workday-suite.svg,1CaFg3BMd7dxq790xfcMUf48kuoUHYk8a,icon
wd-accent-workday-talent-management.svg,1lSvS7rYPoUpAsXJlGd_M7zqsJnFWzM1W,icon
wd-accent-workday-touchpoints-kit.svg,1Y35HlXjXqPP7DSBfLx_H92fR8DVbKVbz,icon
wd-accent-workday-vndly.svg,1F7ZnIsXurn-UNCOWLyZoMagD7oCl0g_z,icon
wd-accent-workday-wellness.svg,1IrRbgKkhEsDmiN9PdknbJlGVool_3Tvi,icon
wd-accent-x-circle.svg,1nmIrtWlFHSI-gsBU-QI_cPonPwipxFw4,icon
wd-accent-yen-down.svg,1QclqB19JMdkxvi7EMTYu1xRMhQb_-Yrp,icon
wd-accent-yen-up.svg,1rZ9dkwQGZ0oTRldNxgxNBQ3UrGdp3atX,icon
wd-accent-yen.svg,1gAsq5t3gnoVOVb2M_StxXzcJz4kxfPzv,icon
wd-accent-yoga.svg,1lohxnhLO8pkt5YcIMLi0HjwMbW6ptGtT,icon
wd-accent-youtube-circle.svg,1gJjcBF_gz8tnsnd4W3mPWryayvI3aOxT,icon
wd-accent-zoom-circle.svg,1OyOH0OWf9ZqW4B9MjXSVu-jM2X-Im7da,icon
wday_dub_ink-RGB.png,1P8yITyT16d5V5diRVoK0Z3MYcmZoYwFg,logo
wday_dub_ink-RGB.svg,1t-zskYgLcLeIBkfL_x9egSpaSl6xyrCN,logo
wday_dub_primary-RGB.png,1--gEjCTPcBqprGPtnyMY5-g5xAouR3Fv,logo
wday_dub_primary-RGB.svg,1qrPoz5JvUQutQ9p3uSKlEqFOYh_XVSEt,logo
wday_dub_reversed-RGB.png,1atmCUHK5A0tSOR8fdsP14MgIKYivc606,logo
wday_dub_reversed-RGB.svg,1kFDsCaIMpAE-hTEP50JPvM8eV6Mb3wKV,logo
wday_dub_white-RGB.png,1piiEatrktZybLWR4TVWWaJHNCrElkVJe,logo
wday_dub_white-RGB.svg,1J8PknjjG55ctTfBOJcUW-LUulU64vrdU,logo
wday_logo_TM_ink-RGB.png,1P7iwnnwVChbpOs4SPt4m3eV1vBFPCAY0,logo
wday_logo_TM_ink-RGB.svg,1D1sEC_gkcnbToaCAMWec1e0jdMEbpJtj,logo
wday_logo_TM_primary-RGB.jpg,1RcgGmL78_K6JzYpDPt-XVs3pFv_L3MMv,logo
wday_logo_TM_primary-RGB.png,1NGroGPLxELGQhLJTuHL205ljLXSNjtZq,logo
wday_logo_TM_primary-RGB.svg,1VRmgjkcmb0mXO4Dl8_0fUxCgyR7PbIGB,logo
wday_logo_TM_reversed-RGB.png,1phyObXkr9AcC9WhflD9aGlaWQBJA5XS0,logo
wday_logo_TM_reversed-RGB.svg,1NBfytMfgiNC3HVrDo7M0R5N-kuGi4Wcz,logo
wday_logo_TM_white-RGB.png,1pNQLhsw2xHwW1v43-KACBKrHacUdm5rB,logo
wday_logo_TM_white-RGB.svg,1AzbWYecv2ZNugRaldw1gJwFPrFW8Vm1w,logo
wday-accent-location.svg,1ipF2VXQ_aMNVU3rvHM45Nt8MgvM8xch9,logo
wday-accent-quotes.svg,1jxQ40EI8E6-6Md2KKPyH0iZmLKisrHHM,logo
wday-accent-related-actions-circle.svg,1mughygbRBVGOJuAQePZRExSMp3teBkJN,logo
wday-accent-star.svg,1QPb4Wq9f23KEucRtVYLOzwO0r0beZKoN,logo
